[
  {
    "id": "477c00e1-03a5-4be9-90e2-bebe7c1ffbba",
    "data": [
      {
        "text": "option2",
        "alias": "option",
        "meta": "@option",
        "userDefined": false
      }
    ],
    "isTemplate": false,
    "count": 0,
    "updated": 0
  },
  {
    "id": "a6dee7b2-4284-497e-b801-1ded2d50fe10",
    "data": [
      {
        "text": "second option",
        "alias": "option",
        "meta": "@option",
        "userDefined": true
      }
    ],
    "isTemplate": false,
    "count": 0,
    "updated": 0
  },
  {
    "id": "e1a69112-d9e0-469b-8666-1c5e1845fdb6",
    "data": [
      {
        "text": "option 2",
        "alias": "option",
        "meta": "@option",
        "userDefined": true
      }
    ],
    "isTemplate": false,
    "count": 1,
    "updated": 0
  },
  {
    "id": "8b98271d-96fb-40c5-bcfd-040727d9bde4",
    "data": [
      {
        "text": "option b",
        "alias": "option",
        "meta": "@option",
        "userDefined": true
      },
      {
        "text": " is correct",
        "userDefined": false
      }
    ],
    "isTemplate": false,
    "count": 0,
    "updated": 0
  },
  {
    "id": "f52a8e58-090e-4126-9001-00812618bb59",
    "data": [
      {
        "text": "pakistani rupees",
        "userDefined": false
      }
    ],
    "isTemplate": false,
    "count": 1,
    "updated": 0
  },
  {
    "id": "78bf9616-dbcd-41c7-b012-ce130cd26e67",
    "data": [
      {
        "text": "Rupees",
        "userDefined": false
      }
    ],
    "isTemplate": false,
    "count": 0,
    "updated": 0
  }
]