[
  {
    "id": "d3cd7c7a-a4c8-4424-8215-2c1bbfe8fdf4",
    "data": [
      {
        "text": "option3",
        "alias": "option",
        "meta": "@option",
        "userDefined": false
      }
    ],
    "isTemplate": false,
    "count": 0,
    "updated": 0
  },
  {
    "id": "30d752eb-a6e5-455b-ac00-6927fcb3e4a3",
    "data": [
      {
        "text": "third option",
        "alias": "option",
        "meta": "@option",
        "userDefined": true
      }
    ],
    "isTemplate": false,
    "count": 0,
    "updated": 0
  },
  {
    "id": "8096396d-7931-45ab-ad4c-2d9a796527a0",
    "data": [
      {
        "text": "option c",
        "alias": "option",
        "meta": "@option",
        "userDefined": true
      }
    ],
    "isTemplate": false,
    "count": 0,
    "updated": 0
  },
  {
    "id": "06472f28-7c8a-491f-830c-f0fd49c48847",
    "data": [
      {
        "text": "option 3",
        "alias": "option",
        "meta": "@option",
        "userDefined": true
      }
    ],
    "isTemplate": false,
    "count": 0,
    "updated": 0
  },
  {
    "id": "7a604cbf-46d8-4bbd-bb79-3856c4a1a84d",
    "data": [
      {
        "text": "i think ",
        "userDefined": false
      },
      {
        "text": "option c",
        "alias": "option",
        "meta": "@option",
        "userDefined": true
      },
      {
        "text": " is correct",
        "userDefined": false
      }
    ],
    "isTemplate": false,
    "count": 1,
    "updated": 0
  },
  {
    "id": "63d071cb-9489-4970-b596-c1273e5417c3",
    "data": [
      {
        "text": "Islamabad",
        "userDefined": false
      }
    ],
    "isTemplate": false,
    "count": 1,
    "updated": 0
  }
]