[
  {
    "id": "a29bd097-29fd-4636-9380-15af5c42142b",
    "data": [
      {
        "text": "option1",
        "alias": "option",
        "meta": "@option",
        "userDefined": false
      }
    ],
    "isTemplate": false,
    "count": 0,
    "updated": 0
  },
  {
    "id": "e40f35b5-f29a-44fa-822b-1669cb908de2",
    "data": [
      {
        "text": "1",
        "alias": "option",
        "meta": "@option",
        "userDefined": true
      }
    ],
    "isTemplate": false,
    "count": 0,
    "updated": 0
  },
  {
    "id": "0edc8472-05d8-4691-a293-0a6a781458b9",
    "data": [
      {
        "text": "option a",
        "alias": "option",
        "meta": "@option",
        "userDefined": true
      }
    ],
    "isTemplate": false,
    "count": 0,
    "updated": 0
  },
  {
    "id": "59c964c6-99c6-4716-ad75-e6775e430689",
    "data": [
      {
        "text": "first option",
        "alias": "option",
        "meta": "@option",
        "userDefined": true
      }
    ],
    "isTemplate": false,
    "count": 0,
    "updated": 0
  },
  {
    "id": "6df73835-197a-4464-8b43-7aab041d4975",
    "data": [
      {
        "text": "option 1",
        "alias": "option",
        "meta": "@option",
        "userDefined": true
      }
    ],
    "isTemplate": false,
    "count": 0,
    "updated": 0
  },
  {
    "id": "d7403da7-7287-4434-85ec-6b8ad65e86f4",
    "data": [
      {
        "text": "context",
        "userDefined": false
      }
    ],
    "isTemplate": false,
    "count": 0,
    "updated": 0
  },
  {
    "id": "cba3ded2-6242-4955-af89-3c9d11cb54c9",
    "data": [
      {
        "text": "contexts",
        "userDefined": false
      }
    ],
    "isTemplate": false,
    "count": 0,
    "updated": 0
  }
]