[
  {
    "id": "6f009a8a-2ad1-4225-a675-3789a3df254a",
    "data": [
      {
        "text": "option1",
        "alias": "option",
        "meta": "@option",
        "userDefined": false
      }
    ],
    "isTemplate": false,
    "count": 0,
    "updated": 0
  },
  {
    "id": "969d0916-9666-4d06-b08b-1b8e42364ced",
    "data": [
      {
        "text": "option a",
        "alias": "option",
        "meta": "@option",
        "userDefined": true
      }
    ],
    "isTemplate": false,
    "count": 0,
    "updated": 0
  },
  {
    "id": "2587a99f-0a07-48d6-ac00-50db11f75854",
    "data": [
      {
        "text": "option 1",
        "alias": "option",
        "meta": "@option",
        "userDefined": true
      }
    ],
    "isTemplate": false,
    "count": 0,
    "updated": 0
  },
  {
    "id": "a1098822-9926-41a8-bbca-cf24d6b8df63",
    "data": [
      {
        "text": "first option",
        "alias": "option",
        "meta": "@option",
        "userDefined": true
      }
    ],
    "isTemplate": false,
    "count": 0,
    "updated": 0
  },
  {
    "id": "49334799-0057-47ab-b8c6-5d389da205ec",
    "data": [
      {
        "text": "fallback",
        "userDefined": false
      }
    ],
    "isTemplate": false,
    "count": 0,
    "updated": 0
  },
  {
    "id": "3e4a8137-f2ad-48bd-b8f0-078aef237a8d",
    "data": [
      {
        "text": "fallback intent",
        "userDefined": false
      }
    ],
    "isTemplate": false,
    "count": 0,
    "updated": 0
  }
]