[
  {
    "id": "fd87505d-331d-4154-87c6-72d851295765",
    "data": [
      {
        "text": "option3",
        "alias": "option",
        "meta": "@option",
        "userDefined": false
      }
    ],
    "isTemplate": false,
    "count": 0,
    "updated": 0
  },
  {
    "id": "244a2a9d-9beb-43a7-9b38-481027913265",
    "data": [
      {
        "text": "option c",
        "alias": "option",
        "meta": "@option",
        "userDefined": true
      }
    ],
    "isTemplate": false,
    "count": 1,
    "updated": 0
  },
  {
    "id": "78008ec4-b0ea-4d72-a834-a3aca841c96b",
    "data": [
      {
        "text": "third option",
        "alias": "option",
        "meta": "@option",
        "userDefined": true
      }
    ],
    "isTemplate": false,
    "count": 0,
    "updated": 0
  },
  {
    "id": "ad941bbb-f18d-4ab5-a62e-73b2b607dc64",
    "data": [
      {
        "text": "option 3",
        "alias": "option",
        "meta": "@option",
        "userDefined": true
      }
    ],
    "isTemplate": false,
    "count": 0,
    "updated": 0
  },
  {
    "id": "f1229693-e4f5-47d2-a475-5b2228a3b9a5",
    "data": [
      {
        "text": "machine learning threshold",
        "userDefined": false
      }
    ],
    "isTemplate": false,
    "count": 0,
    "updated": 0
  },
  {
    "id": "de330729-8399-4eae-b957-a62c873e209b",
    "data": [
      {
        "text": "ml threshold",
        "userDefined": false
      }
    ],
    "isTemplate": false,
    "count": 0,
    "updated": 0
  }
]