[
  {
    "value": "option1",
    "synonyms": [
      "option1",
      "first option",
      "option a",
      "a",
      "1"
    ]
  },
  {
    "value": "option2",
    "synonyms": [
      "option2",
      "second option",
      "option b",
      "b",
      "2"
    ]
  },
  {
    "value": "option3",
    "synonyms": [
      "option3",
      "third option",
      "option c",
      "c",
      "3"
    ]
  },
  {
    "value": "option4",
    "synonyms": [
      "option4",
      "forth option",
      "option d",
      "d",
      "4"
    ]
  }
]